{
    "model_parameters": {
        "domain_size": "3D",
        "system_parameters": {
            "material": {
                "density": 2601.4,
                "youngs_modulus": 4.75e10,
                "poisson_ratio": 0.2,
                "damping_ratio": 0.025
            },
            "geometry": {
                "length_x": 68.03 ,
                "number_of_elements": 2,
                "defined_on_intervals": [{
                    "interval_bounds" : [0.0, "End"],
                    "length_y": [ 7.2500198110, -0.1353959268, 0.0017200137, -0.0000023653, 0.0000000166],
                    "length_z": [ 4.0899851436, -0.0480866726, 0.0006713982, -0.0000005030, 0.0000000021],
                    "area"    : [25.0990695754, -0.8363109933, 0.0143578416, -0.0001008156, 0.0000006495],
                    "shear_area_y" : [20.9158913134, -0.6969258277, 0.0119648680, -0.0000840130, 0.0000005412],
                    "shear_area_z" : [20.9158913134, -0.6969258277, 0.0119648680, -0.0000840130, 0.0000005412],
                    "moment_of_inertia_y" : [28.7082132596, -1.6804154451, 0.0470568000, -0.0006586118, 0.0000042220],
                    "moment_of_inertia_z" : [88.3366340200, -5.8795406434, 0.1748022478, -0.0025004387, 0.0000151115],
                    "torsional_moment_of_inertia" : [56.4485135241, -2.4538540599, 0.0618734838, -0.0007857719, 0.0000050169]}]  
            }
        },
        "boundary_conditions": "fixed-free"
    }
}
