{
    "model_parameters": {
        "domain_size": "3D",
        "system_parameters": {
            "material": {
                "density": 2548.42,
                "youngs_modulus": 3.522e10,
                "poisson_ratio": 0.2,
                "damping_ratio": 0.025
            },
            "geometry": {
                "length_x": 68.03 ,
                "number_of_elements": 24,
                "defined_on_intervals": [{
                    "interval_bounds" : [0.0, "End"],
                    "length_y": [ 7.2500198110, -0.1353959268, 0.0017200137, -0.0000023653, 0.0000000166],
                    "length_z": [ 4.0899851436, -0.0480866726, 0.0006713982, -0.0000005030, 0.0000000021],
                    "area"    : [25.1826347278, -0.7929239173, 0.0165762047, -0.0002278329, 0.0000018934],
                    "shear_area_y" : [22.0156636257, -0.6689630546, 0.0131282693, -0.0001747261, 0.0000015171],
                    "shear_area_z" : [20.6587215599, -0.6702738515, 0.0142772946, -0.0001991523, 0.0000016460],
                    "moment_of_inertia_y" : [28.8555110730, -1.5456588349, 0.0447168851, -0.0007120382, 0.0000050667],
                    "moment_of_inertia_z" : [87.7492436115, -5.7210702679, 0.1789957135, -0.0028001684, 0.0000181045],
                    "torsional_moment_of_inertia" : [84.3706736723, -4.8249319090, 0.1408779930, -0.0022075746, 0.0000152328]}]  
            }
        },
        "boundary_conditions": "fixed-free",
        "elastic_fixity_dofs": {"0":8.475e9, "2":1.205e9, "1":1.266e9, "3":4.7619e10, "5":2.5e11, "4":8.3333e10},
        "adapt_for_target_values": {
            "density_for_total_mass": 2421100,
            "youngs_modulus_for": {
                "eigenmode": 1,
                "eigenfrequency": 0.4}
        }
    }
}
